{
    "names": [
        {
            "name": "chevron-up"
        }, {
            "name": "chevron-down"
        }, {
            "name": "checkmark"
        }, {
            "name": "star"
        }, {
            "name": "magnifier"
        }, {
            "name": "semantic-zoom"
        }, {
            "name": "arrow-left"
        }, {
            "name": "arrow-right"
        }, {
            "name": "chevron-left"
        }, {
            "name": "chevron-right"
        }, {
            "name": "chevron-up-2"
        }, {
            "name": "chevron-down-2"
        }, {
            "name": "checkmark-2"
        }, {
            "name": "star-outline"
        }, {
            "name": "chevron-right-2"
        }, {
            "name": "chevron-left-2"
        }, {
            "name": "previous"
        }, {
            "name": "next"
        }, {
            "name": "play"
        }, {
            "name": "pause"
        }, {
            "name": "edit"
        }, {
            "name": "edit-mirrored"
        }, {
            "name": "save"
        }, {
            "name": "clear"
        }, {
            "name": "delete"
        }, {
            "name": "remove"
        }, {
            "name": "add"
        }, {
            "name": "cancel"
        }, {
            "name": "accept"
        }, {
            "name": "more"
        }, {
            "name": "redo"
        }, {
            "name": "undo"
        }, {
            "name": "home"
        }, {
            "name": "up"
        }, {
            "name": "forward"
        }, {
            "name": "back"
        }, {
            "name": "favorite"
        }, {
            "name": "camera"
        }, {
            "name": "settings"
        }, {
            "name": "video"
        }, {
            "name": "sync"
        }, {
            "name": "download"
        }, {
            "name": "mail"
        }, {
            "name": "magnifier-2"
        }, {
            "name": "help"
        }, {
            "name": "help-mirrored"
        }, {
            "name": "upload"
        }, {
            "name": "emoji"
        }, {
            "name": "two-page"
        }, {
            "name": "leave-chat"
        }, {
            "name": "mail-forward"
        }, {
            "name": "clock"
        }, {
            "name": "send"
        }, {
            "name": "crop"
        }, {
            "name": "rotate-camera"
        }, {
            "name": "people"
        }, {
            "name": "close-pane"
        }, {
            "name": "close-pane-mirrored"
        }, {
            "name": "open-pane"
        }, {
            "name": "open-pane-mirrored"
        }, {
            "name": "world"
        }, {
            "name": "flag"
        }, {
            "name": "preview-link"
        }, {
            "name": "globe"
        }, {
            "name": "trim"
        }, {
            "name": "attach-camera"
        }, {
            "name": "zoom-in"
        }, {
            "name": "bookmarks"
        }, {
            "name": "bookmarks-mirrored"
        }, {
            "name": "document"
        }, {
            "name": "protected-document"
        }, {
            "name": "page"
        }, {
            "name": "multi-select"
        }, {
            "name": "multi-select-mirrored"
        }, {
            "name": "comment"
        }, {
            "name": "mail-2"
        }, {
            "name": "contact-info"
        }, {
            "name": "contact-info-mirrored"
        }, {
            "name": "hang-up"
        }, {
            "name": "view-all"
        }, {
            "name": "map-pin"
        }, {
            "name": "phone"
        }, {
            "name": "video-chat"
        }, {
            "name": "switch"
        }, {
            "name": "contact"
        }, {
            "name": "rename"
        }, {
            "name": "pin"
        }, {
            "name": "music-info"
        }, {
            "name": "go"
        }, {
            "name": "go-mirrored"
        }, {
            "name": "keyboard"
        }, {
            "name": "dock-left"
        }, {
            "name": "dock-left-mirrored"
        }, {
            "name": "dock-right"
        }, {
            "name": "dock-right-mirrored"
        }, {
            "name": "dock-bottom"
        }, {
            "name": "remote"
        }, {
            "name": "refresh"
        }, {
            "name": "rotate"
        }, {
            "name": "shuffle"
        }, {
            "name": "list"
        }, {
            "name": "list-mirrored"
        }, {
            "name": "shop"
        }, {
            "name": "select-all"
        }, {
            "name": "orientation"
        }, {
            "name": "import"
        }, {
            "name": "import-mirrored"
        }, {
            "name": "import-all"
        }, {
            "name": "import-all-mirrored"
        }, {
            "name": "browse-photos"
        }, {
            "name": "webcam"
        }, {
            "name": "picture"
        }, {
            "name": "save-local"
        }, {
            "name": "caption"
        }, {
            "name": "stop"
        }, {
            "name": "show-results"
        }, {
            "name": "show-results-mirrored"
        }, {
            "name": "volume"
        }, {
            "name": "repair"
        }, {
            "name": "message"
        }, {
            "name": "page-outline"
        }, {
            "name": "calendar-day"
        }, {
            "name": "calendar-week"
        }, {
            "name": "calendar"
        }, {
            "name": "calendar-mirrored"
        }, {
            "name": "characters"
        }, {
            "name": "mail-reply-all"
        }, {
            "name": "mail-reply-all-mirrored"
        }, {
            "name": "mail-read"
        }, {
            "name": "link"
        }, {
            "name": "accounts"
        }, {
            "name": "show-bcc"
        }, {
            "name": "hide-bcc"
        }, {
            "name": "cut"
        }, {
            "name": "attach"
        }, {
            "name": "paste"
        }, {
            "name": "filter"
        }, {
            "name": "copy"
        }, {
            "name": "emoji-2"
        }, {
            "name": "important"
        }, {
            "name": "mail-reply"
        }, {
            "name": "mail-reply-mirrored"
        }, {
            "name": "slideshow"
        }, {
            "name": "sort"
        }, {
            "name": "manage"
        }, {
            "name": "all-apps"
        }, {
            "name": "all-apps-mirrored"
        }, {
            "name": "disconnect-drive"
        }, {
            "name": "map-drive"
        }, {
            "name": "new-window"
        }, {
            "name": "open-with"
        }, {
            "name": "open-with-mirrored"
        }, {
            "name": "contact-presence"
        }, {
            "name": "priority"
        }, {
            "name": "upload-2"
        }, {
            "name": "go-to-today"
        }, {
            "name": "font"
        }, {
            "name": "font-color"
        }, {
            "name": "contact-2"
        }, {
            "name": "folder-fill"
        }, {
            "name": "audio"
        }, {
            "name": "placeholder"
        }, {
            "name": "view"
        }, {
            "name": "set-lockscreen"
        }, {
            "name": "set-tile"
        }, {
            "name": "cc"
        }, {
            "name": "stop-slideshow"
        }, {
            "name": "permissions"
        }, {
            "name": "highlight"
        }, {
            "name": "disable-updates"
        }, {
            "name": "unfavorite"
        }, {
            "name": "unpin"
        }, {
            "name": "open-local"
        }, {
            "name": "mute"
        }, {
            "name": "italic"
        }, {
            "name": "underline"
        }, {
            "name": "bold"
        }, {
            "name": "move-to-folder"
        }, {
            "name": "like-dislike"
        }, {
            "name": "dislike"
        }, {
            "name": "like"
        }, {
            "name": "align-right"
        }, {
            "name": "align-center"
        }, {
            "name": "align-left"
        }, {
            "name": "magnifier-3"
        }, {
            "name": "zoom-out"
        }, {
            "name": "open-file"
        }, {
            "name": "other-user"
        }, {
            "name": "admin"
        }, {
            "name": "street"
        }, {
            "name": "map"
        }, {
            "name": "clear-selection"
        }, {
            "name": "clear-selection-mirrored"
        }, {
            "name": "font-decrease"
        }, {
            "name": "font-increase"
        }, {
            "name": "font-size"
        }, {
            "name": "cellphone"
        }, {
            "name": "reshare"
        }, {
            "name": "tag"
        }, {
            "name": "repeat-once"
        }, {
            "name": "repeat-all"
        }, {
            "name": "star-outline-2"
        }, {
            "name": "star-2"
        }, {
            "name": "calculator"
        }, {
            "name": "directions"
        }, {
            "name": "location"
        }, {
            "name": "library"
        }, {
            "name": "phonebook"
        }, {
            "name": "memo"
        }, {
            "name": "microphone"
        }, {
            "name": "post-update"
        }, {
            "name": "back-to-window"
        }, {
            "name": "fullscreen"
        }, {
            "name": "new-folder"
        }, {
            "name": "calendar-reply"
        }, {
            "name": "unsync-folder"
        }, {
            "name": "report-hacked"
        }, {
            "name": "sync-folder"
        }, {
            "name": "block-contact"
        }, {
            "name": "switch-apps"
        }, {
            "name": "add-friend"
        }, {
            "name": "touch-pointer"
        }, {
            "name": "go-to-start"
        }, {
            "name": "zero-bar"
        }, {
            "name": "one-bar"
        }, {
            "name": "two-bars"
        }, {
            "name": "three-bars"
        }, {
            "name": "four-bars"
        }, {
            "name": "scan"
        }, {
            "name": "preview"
        }, {
            "name": "hamburger"
        }, {
            "name": "checkbox-composite"
        }, {
            "name": "checkbox-indeterminate"
        }, {
            "name": "erase-tool"
        }, {
            "name": "warning"
        }, {
            "name": "shopping-cart"
        }, {
            "name": "flag-2"
        }, {
            "name": "folder-open"
        }, {
            "name": "folder"
        }, {
            "name": "completed"
        }, {
            "name": "music-album"
        }, {
            "name": "info"
        }, {
            "name": "devices"
        }, {
            "name": "expand"
        }, {
            "name": "collapse"
        }, {
            "name": "radio-btn-off"
        }, {
            "name": "radio-btn-on"
        }, {
            "name": "radio-bullet"
        }, {
            "name": "media-browse"
        }, {
            "name": "miracast-small"
        }, {
            "name": "miracast-large"
        }, {
            "name": "playback-rate-1x"
        }, {
            "name": "playback-rate-other"
        }, {
            "name": "subscription-add"
        }, {
            "name": "subscription-add-mirrored"
        }, {
            "name": "subscriptions"
        }, {
            "name": "subscriptions-mirrored"
        }, {
            "name": "folder-horizontal-open"
        }, {
            "name": "folder-horizontal"
        }
    ]
}
